{
  "accuracy": 0.9841269841269841,
  "classification_report": {
    "F0": {
      "precision": 1.0,
      "recall": 1.0,
      "f1-score": 1.0,
      "support": 422.0
    },
    "F1": {
      "precision": 0.9588235294117647,
      "recall": 0.9532163742690059,
      "f1-score": 0.9560117302052786,
      "support": 171.0
    },
    "F2": {
      "precision": 0.9556962025316456,
      "recall": 0.9556962025316456,
      "f1-score": 0.9556962025316456,
      "support": 158.0
    },
    "F3": {
      "precision": 0.9763313609467456,
      "recall": 0.9705882352941176,
      "f1-score": 0.9734513274336283,
      "support": 170.0
    },
    "F4": {
      "precision": 0.9941348973607038,
      "recall": 1.0,
      "f1-score": 0.9970588235294118,
      "support": 339.0
    },
    "accuracy": 0.9841269841269841,
    "macro avg": {
      "precision": 0.9769971980501719,
      "recall": 0.9759001624189538,
      "f1-score": 0.9764436167399928,
      "support": 1260.0
    },
    "weighted avg": {
      "precision": 0.9840848294409819,
      "recall": 0.9841269841269841,
      "f1-score": 0.9841013275438811,
      "support": 1260.0
    }
  },
  "confusion_matrix": [
    [
      422,
      0,
      0,
      0,
      0
    ],
    [
      0,
      163,
      7,
      0,
      1
    ],
    [
      0,
      3,
      151,
      4,
      0
    ],
    [
      0,
      4,
      0,
      165,
      1
    ],
    [
      0,
      0,
      0,
      0,
      339
    ]
  ],
  "classes": [
    "F0",
    "F1",
    "F2",
    "F3",
    "F4"
  ]
}